-- MySQL dump 10.13  Distrib 8.0.27, for Linux (x86_64)
--
-- Host: localhost    Database: downtime_alert
-- ------------------------------------------------------
-- Server version	8.0.27-0ubuntu0.20.04.1

/*!40101 SET @OLD_CHARACTER_SET_CLIENT=@@CHARACTER_SET_CLIENT */;
/*!40101 SET @OLD_CHARACTER_SET_RESULTS=@@CHARACTER_SET_RESULTS */;
/*!40101 SET @OLD_COLLATION_CONNECTION=@@COLLATION_CONNECTION */;
/*!50503 SET NAMES utf8mb4 */;
/*!40103 SET @OLD_TIME_ZONE=@@TIME_ZONE */;
/*!40103 SET TIME_ZONE='+00:00' */;
/*!40014 SET @OLD_UNIQUE_CHECKS=@@UNIQUE_CHECKS, UNIQUE_CHECKS=0 */;
/*!40014 SET @OLD_FOREIGN_KEY_CHECKS=@@FOREIGN_KEY_CHECKS, FOREIGN_KEY_CHECKS=0 */;
/*!40101 SET @OLD_SQL_MODE=@@SQL_MODE, SQL_MODE='NO_AUTO_VALUE_ON_ZERO' */;
/*!40111 SET @OLD_SQL_NOTES=@@SQL_NOTES, SQL_NOTES=0 */;

--
-- Table structure for table `checks`
--

DROP TABLE IF EXISTS `checks`;
/*!40101 SET @saved_cs_client     = @@character_set_client */;
/*!50503 SET character_set_client = utf8mb4 */;
CREATE TABLE `checks` (
  `check_id` int NOT NULL AUTO_INCREMENT,
  `monitor_id` int NOT NULL,
  `status` tinyint(1) NOT NULL,
  `response_time` int NOT NULL,
  `response_code` int NOT NULL,
  `checked_at` timestamp NULL DEFAULT CURRENT_TIMESTAMP,
  PRIMARY KEY (`check_id`),
  KEY `monitor_id` (`monitor_id`),
  CONSTRAINT `checks_ibfk_1` FOREIGN KEY (`monitor_id`) REFERENCES `monitors` (`monitor_id`) ON DELETE CASCADE
) ENGINE=InnoDB AUTO_INCREMENT=1539 DEFAULT CHARSET=utf8mb4 COLLATE=utf8mb4_0900_ai_ci;
/*!40101 SET character_set_client = @saved_cs_client */;

--
-- Dumping data for table `checks`
--

LOCK TABLES `checks` WRITE;
/*!40000 ALTER TABLE `checks` DISABLE KEYS */;
INSERT INTO `checks` VALUES (591,14,1,321,200,'2021-12-03 14:53:45'),(592,17,0,0,0,'2021-12-03 14:53:45'),(594,19,0,0,0,'2021-12-03 14:53:45'),(595,20,0,0,0,'2021-12-03 14:53:45'),(596,21,1,170,200,'2021-12-03 14:53:45'),(597,14,1,400,200,'2021-12-03 14:56:04'),(598,15,0,0,0,'2021-12-03 14:56:04'),(599,16,1,393,200,'2021-12-03 14:56:04'),(600,17,0,0,0,'2021-12-03 14:56:04'),(601,19,0,0,0,'2021-12-03 14:56:04'),(602,20,0,0,0,'2021-12-03 14:56:04'),(603,21,1,354,200,'2021-12-03 14:56:04'),(604,22,1,498,200,'2021-12-03 14:56:04'),(605,14,1,221,200,'2021-12-03 14:57:02'),(606,17,0,0,0,'2021-12-03 14:57:02'),(607,19,0,0,0,'2021-12-03 14:57:02'),(608,20,0,0,0,'2021-12-03 14:57:02'),(609,21,1,137,200,'2021-12-03 14:57:02'),(610,22,1,237,200,'2021-12-03 14:57:02'),(611,14,0,0,0,'2021-12-03 14:58:12'),(612,15,0,0,0,'2021-12-03 14:58:12'),(613,16,1,321,200,'2021-12-03 14:58:12'),(614,17,0,0,0,'2021-12-03 14:58:12'),(615,19,0,0,0,'2021-12-03 14:58:12'),(616,20,0,0,0,'2021-12-03 14:58:12'),(617,21,1,403,200,'2021-12-03 14:58:12'),(618,22,1,406,200,'2021-12-03 14:58:12'),(619,14,1,264,200,'2021-12-03 14:59:03'),(620,17,0,0,0,'2021-12-03 14:59:03'),(621,19,0,0,0,'2021-12-03 14:59:03'),(622,20,0,0,0,'2021-12-03 14:59:03'),(623,21,1,137,200,'2021-12-03 14:59:03'),(624,22,1,350,200,'2021-12-03 14:59:03'),(625,14,1,154,200,'2021-12-03 15:00:04'),(626,15,0,0,0,'2021-12-03 15:00:04'),(627,16,1,104,200,'2021-12-03 15:00:04'),(628,17,0,0,0,'2021-12-03 15:00:04'),(629,19,0,0,0,'2021-12-03 15:00:04'),(630,20,0,0,0,'2021-12-03 15:00:04'),(631,21,1,109,200,'2021-12-03 15:00:04'),(632,22,1,232,200,'2021-12-03 15:00:04'),(633,14,0,0,0,'2021-12-03 15:01:07'),(634,17,0,0,0,'2021-12-03 15:01:07'),(635,19,0,0,0,'2021-12-03 15:01:07'),(636,20,0,0,0,'2021-12-03 15:01:07'),(637,21,1,1225,200,'2021-12-03 15:01:07'),(638,22,1,1353,200,'2021-12-03 15:01:07'),(639,14,1,366,200,'2021-12-03 15:02:06'),(640,15,0,0,0,'2021-12-03 15:02:06'),(641,16,1,358,200,'2021-12-03 15:02:06'),(642,17,0,0,0,'2021-12-03 15:02:06'),(643,19,0,0,0,'2021-12-03 15:02:06'),(644,20,0,0,0,'2021-12-03 15:02:06'),(645,21,1,443,200,'2021-12-03 15:02:06'),(646,22,1,309,200,'2021-12-03 15:02:06'),(647,14,0,0,0,'2021-12-03 15:03:07'),(648,17,0,0,0,'2021-12-03 15:03:07'),(649,19,0,0,0,'2021-12-03 15:03:07'),(650,20,0,0,0,'2021-12-03 15:03:07'),(651,21,0,0,0,'2021-12-03 15:03:07'),(652,22,1,1499,200,'2021-12-03 15:03:07'),(653,14,1,277,200,'2021-12-03 15:04:04'),(654,15,0,0,0,'2021-12-03 15:04:04'),(655,16,1,149,200,'2021-12-03 15:04:04'),(656,17,0,0,0,'2021-12-03 15:04:04'),(657,19,0,0,0,'2021-12-03 15:04:04'),(658,20,0,0,0,'2021-12-03 15:04:04'),(659,21,1,327,200,'2021-12-03 15:04:04'),(660,22,1,340,200,'2021-12-03 15:04:04'),(661,14,1,193,200,'2021-12-03 15:05:03'),(662,17,0,0,0,'2021-12-03 15:05:03'),(663,19,0,0,0,'2021-12-03 15:05:03'),(664,20,0,0,0,'2021-12-03 15:05:03'),(665,21,1,1190,200,'2021-12-03 15:05:03'),(666,22,1,308,200,'2021-12-03 15:05:03'),(667,14,1,127,200,'2021-12-03 15:06:04'),(668,15,0,0,0,'2021-12-03 15:06:04'),(669,16,1,131,200,'2021-12-03 15:06:04'),(670,17,0,0,0,'2021-12-03 15:06:04'),(671,19,0,0,0,'2021-12-03 15:06:04'),(672,20,0,0,0,'2021-12-03 15:06:04'),(673,21,1,99,200,'2021-12-03 15:06:04'),(674,22,1,252,200,'2021-12-03 15:06:04'),(675,14,1,523,200,'2021-12-03 15:07:05'),(676,17,0,0,0,'2021-12-03 15:07:05'),(677,19,0,0,0,'2021-12-03 15:07:05'),(678,20,0,0,0,'2021-12-03 15:07:05'),(679,21,1,492,200,'2021-12-03 15:07:05'),(680,22,1,1368,200,'2021-12-03 15:07:05'),(681,14,1,200,200,'2021-12-03 15:08:16'),(682,15,0,0,0,'2021-12-03 15:08:16'),(683,16,1,127,200,'2021-12-03 15:08:16'),(684,17,0,0,0,'2021-12-03 15:08:16'),(685,19,0,0,0,'2021-12-03 15:08:16'),(686,20,0,0,0,'2021-12-03 15:08:16'),(687,21,1,248,200,'2021-12-03 15:08:16'),(688,22,1,380,200,'2021-12-03 15:08:16'),(689,14,1,514,200,'2021-12-03 15:09:04'),(690,17,0,0,0,'2021-12-03 15:09:04'),(691,19,0,0,0,'2021-12-03 15:09:04'),(692,20,0,0,0,'2021-12-03 15:09:04'),(693,21,1,445,200,'2021-12-03 15:09:04'),(694,22,1,375,200,'2021-12-03 15:09:04'),(695,14,1,1236,200,'2021-12-03 15:10:04'),(696,15,0,0,0,'2021-12-03 15:10:04'),(697,16,1,1040,200,'2021-12-03 15:10:04'),(698,17,0,0,0,'2021-12-03 15:10:04'),(699,19,0,0,0,'2021-12-03 15:10:04'),(700,20,0,0,0,'2021-12-03 15:10:04'),(701,21,1,1182,200,'2021-12-03 15:10:04'),(702,22,1,997,200,'2021-12-03 15:10:04'),(703,14,0,0,0,'2021-12-03 15:11:06'),(704,17,0,0,0,'2021-12-03 15:11:06'),(705,19,0,0,0,'2021-12-03 15:11:06'),(706,20,0,0,0,'2021-12-03 15:11:06'),(707,21,0,0,0,'2021-12-03 15:11:06'),(708,22,0,0,0,'2021-12-03 15:11:06'),(709,14,0,0,0,'2021-12-03 15:12:16'),(710,15,0,0,0,'2021-12-03 15:12:16'),(711,16,0,0,0,'2021-12-03 15:12:16'),(712,17,0,0,0,'2021-12-03 15:12:16'),(713,19,0,0,0,'2021-12-03 15:12:16'),(714,20,0,0,0,'2021-12-03 15:12:16'),(715,21,0,0,0,'2021-12-03 15:12:16'),(716,22,0,0,0,'2021-12-03 15:12:16'),(717,14,0,1191,0,'2021-12-03 15:13:17'),(718,17,0,0,0,'2021-12-03 15:13:17'),(719,19,0,0,0,'2021-12-03 15:13:17'),(720,20,0,0,0,'2021-12-03 15:13:17'),(721,21,0,0,0,'2021-12-03 15:13:17'),(722,22,0,1165,0,'2021-12-03 15:13:17'),(723,14,0,0,0,'2021-12-03 15:14:11'),(724,15,0,0,0,'2021-12-03 15:14:11'),(725,16,0,1200,0,'2021-12-03 15:14:11'),(726,17,0,0,0,'2021-12-03 15:14:11'),(727,19,0,0,0,'2021-12-03 15:14:11'),(728,20,0,0,0,'2021-12-03 15:14:11'),(729,21,0,0,0,'2021-12-03 15:14:11'),(730,22,0,2367,0,'2021-12-03 15:14:11'),(731,14,1,104,200,'2021-12-03 15:15:09'),(732,17,0,0,0,'2021-12-03 15:15:09'),(733,19,0,0,0,'2021-12-03 15:15:09'),(734,20,0,0,0,'2021-12-03 15:15:09'),(735,21,1,107,200,'2021-12-03 15:15:09'),(736,22,1,232,200,'2021-12-03 15:15:09'),(737,14,1,275,200,'2021-12-03 15:16:04'),(738,15,0,0,0,'2021-12-03 15:16:04'),(739,16,1,268,200,'2021-12-03 15:16:04'),(740,17,0,0,0,'2021-12-03 15:16:04'),(741,19,0,0,0,'2021-12-03 15:16:04'),(742,20,0,0,0,'2021-12-03 15:16:04'),(743,21,1,231,200,'2021-12-03 15:16:04'),(744,22,1,228,200,'2021-12-03 15:16:04'),(745,14,0,0,0,'2021-12-03 15:17:07'),(746,17,0,0,0,'2021-12-03 15:17:07'),(747,19,0,0,0,'2021-12-03 15:17:07'),(748,20,0,0,0,'2021-12-03 15:17:07'),(749,21,0,0,0,'2021-12-03 15:17:07'),(750,22,1,1294,200,'2021-12-03 15:17:07'),(751,14,1,325,200,'2021-12-03 15:18:04'),(752,15,0,0,0,'2021-12-03 15:18:04'),(753,16,1,252,200,'2021-12-03 15:18:04'),(754,17,0,0,0,'2021-12-03 15:18:04'),(755,19,0,0,0,'2021-12-03 15:18:04'),(756,20,0,0,0,'2021-12-03 15:18:04'),(757,21,1,224,200,'2021-12-03 15:18:04'),(758,22,1,473,200,'2021-12-03 15:18:04'),(759,14,0,0,0,'2021-12-03 15:19:12'),(760,17,0,0,0,'2021-12-03 15:19:12'),(761,19,0,0,0,'2021-12-03 15:19:12'),(762,20,0,0,0,'2021-12-03 15:19:12'),(763,21,0,0,0,'2021-12-03 15:19:12'),(764,22,1,1746,200,'2021-12-03 15:19:12'),(765,14,1,883,200,'2021-12-03 15:20:05'),(766,15,0,0,0,'2021-12-03 15:20:05'),(767,16,1,763,200,'2021-12-03 15:20:05'),(768,17,0,0,0,'2021-12-03 15:20:05'),(769,19,0,0,0,'2021-12-03 15:20:05'),(770,20,0,0,0,'2021-12-03 15:20:05'),(771,21,1,2753,200,'2021-12-03 15:20:05'),(772,22,1,766,200,'2021-12-03 15:20:05'),(773,14,1,1268,200,'2021-12-03 15:21:03'),(774,17,0,0,0,'2021-12-03 15:21:03'),(775,19,0,0,0,'2021-12-03 15:21:03'),(776,20,0,0,0,'2021-12-03 15:21:03'),(777,21,1,539,200,'2021-12-03 15:21:03'),(778,22,1,386,200,'2021-12-03 15:21:03'),(779,14,1,388,200,'2021-12-03 15:22:04'),(780,15,0,0,0,'2021-12-03 15:22:04'),(781,16,1,378,200,'2021-12-03 15:22:04'),(782,17,0,0,0,'2021-12-03 15:22:04'),(783,19,0,0,0,'2021-12-03 15:22:04'),(784,20,0,0,0,'2021-12-03 15:22:04'),(785,21,1,343,200,'2021-12-03 15:22:04'),(786,22,1,345,200,'2021-12-03 15:22:04'),(787,14,1,308,200,'2021-12-03 15:23:03'),(788,17,0,0,0,'2021-12-03 15:23:03'),(789,19,0,0,0,'2021-12-03 15:23:03'),(790,20,0,0,0,'2021-12-03 15:23:03'),(791,21,1,418,200,'2021-12-03 15:23:03'),(792,22,1,379,200,'2021-12-03 15:23:03'),(793,14,1,176,200,'2021-12-03 15:24:05'),(794,15,0,0,0,'2021-12-03 15:24:05'),(795,16,1,104,200,'2021-12-03 15:24:05'),(796,17,0,0,0,'2021-12-03 15:24:05'),(797,19,0,0,0,'2021-12-03 15:24:05'),(798,20,0,0,0,'2021-12-03 15:24:05'),(799,21,1,119,200,'2021-12-03 15:24:05'),(800,22,1,2414,200,'2021-12-03 15:24:05'),(801,14,1,319,200,'2021-12-03 15:25:04'),(802,17,0,0,0,'2021-12-03 15:25:04'),(803,19,0,0,0,'2021-12-03 15:25:04'),(804,20,0,0,0,'2021-12-03 15:25:04'),(805,21,1,288,200,'2021-12-03 15:25:04'),(806,22,1,285,200,'2021-12-03 15:25:04'),(807,14,1,318,200,'2021-12-03 15:26:04'),(808,15,0,0,0,'2021-12-03 15:26:04'),(809,16,1,252,200,'2021-12-03 15:26:04'),(810,17,0,0,0,'2021-12-03 15:26:04'),(811,19,0,0,0,'2021-12-03 15:26:04'),(812,20,0,0,0,'2021-12-03 15:26:04'),(813,21,1,221,200,'2021-12-03 15:26:04'),(814,22,1,218,200,'2021-12-03 15:26:04'),(815,14,1,160,200,'2021-12-03 15:27:02'),(816,17,0,0,0,'2021-12-03 15:27:02'),(817,19,0,0,0,'2021-12-03 15:27:02'),(818,20,0,0,0,'2021-12-03 15:27:02'),(819,21,1,130,200,'2021-12-03 15:27:02'),(820,22,1,234,200,'2021-12-03 15:27:02'),(821,14,1,196,200,'2021-12-03 15:28:04'),(822,15,0,0,0,'2021-12-03 15:28:04'),(823,16,1,103,200,'2021-12-03 15:28:04'),(824,17,0,0,0,'2021-12-03 15:28:04'),(825,19,0,0,0,'2021-12-03 15:28:04'),(826,20,0,0,0,'2021-12-03 15:28:04'),(827,21,1,343,200,'2021-12-03 15:28:04'),(828,22,1,224,200,'2021-12-03 15:28:04'),(829,14,1,239,200,'2021-12-03 15:29:04'),(830,17,0,0,0,'2021-12-03 15:29:04'),(831,19,0,0,0,'2021-12-03 15:29:04'),(832,20,0,0,0,'2021-12-03 15:29:04'),(833,21,1,943,200,'2021-12-03 15:29:04'),(834,22,1,438,200,'2021-12-03 15:29:04'),(835,14,1,198,200,'2021-12-03 15:30:04'),(836,15,0,0,0,'2021-12-03 15:30:04'),(837,16,1,103,200,'2021-12-03 15:30:04'),(838,17,0,0,0,'2021-12-03 15:30:04'),(839,19,0,0,0,'2021-12-03 15:30:04'),(840,20,0,0,0,'2021-12-03 15:30:04'),(841,21,1,140,200,'2021-12-03 15:30:04'),(842,22,1,1107,200,'2021-12-03 15:30:04'),(843,14,1,767,200,'2021-12-03 15:31:03'),(844,17,0,0,0,'2021-12-03 15:31:03'),(845,19,0,0,0,'2021-12-03 15:31:03'),(846,20,0,0,0,'2021-12-03 15:31:03'),(847,21,1,735,200,'2021-12-03 15:31:03'),(848,22,1,670,200,'2021-12-03 15:31:03'),(849,14,1,561,200,'2021-12-03 15:32:04'),(850,15,0,0,0,'2021-12-03 15:32:04'),(851,16,1,835,200,'2021-12-03 15:32:04'),(852,17,0,0,0,'2021-12-03 15:32:04'),(853,19,0,0,0,'2021-12-03 15:32:04'),(854,20,0,0,0,'2021-12-03 15:32:04'),(855,21,1,506,200,'2021-12-03 15:32:04'),(856,22,1,503,200,'2021-12-03 15:32:04'),(857,14,1,330,200,'2021-12-03 15:33:03'),(858,17,0,0,0,'2021-12-03 15:33:03'),(859,19,0,0,0,'2021-12-03 15:33:03'),(860,20,0,0,0,'2021-12-03 15:33:03'),(861,21,1,395,200,'2021-12-03 15:33:03'),(862,22,1,356,200,'2021-12-03 15:33:03'),(863,14,1,1561,200,'2021-12-03 15:34:04'),(864,15,0,0,0,'2021-12-03 15:34:04'),(865,16,1,639,200,'2021-12-03 15:34:04'),(866,17,0,0,0,'2021-12-03 15:34:04'),(867,19,0,0,0,'2021-12-03 15:34:04'),(868,20,0,0,0,'2021-12-03 15:34:04'),(869,21,1,1042,200,'2021-12-03 15:34:04'),(870,22,1,826,200,'2021-12-03 15:34:04'),(871,14,0,0,0,'2021-12-03 15:35:07'),(872,17,0,0,0,'2021-12-03 15:35:07'),(873,19,0,0,0,'2021-12-03 15:35:07'),(874,20,0,0,0,'2021-12-03 15:35:07'),(875,21,0,0,0,'2021-12-03 15:35:07'),(876,22,0,0,0,'2021-12-03 15:35:07'),(877,14,1,247,200,'2021-12-03 15:36:05'),(878,15,0,0,0,'2021-12-03 15:36:05'),(879,16,1,245,200,'2021-12-03 15:36:05'),(880,17,0,0,0,'2021-12-03 15:36:05'),(881,19,0,0,0,'2021-12-03 15:36:05'),(882,20,0,0,0,'2021-12-03 15:36:05'),(883,21,1,115,200,'2021-12-03 15:36:05'),(884,22,1,229,200,'2021-12-03 15:36:05'),(885,14,1,470,200,'2021-12-03 15:37:02'),(886,17,0,0,0,'2021-12-03 15:37:02'),(887,19,0,0,0,'2021-12-03 15:37:02'),(888,20,0,0,0,'2021-12-03 15:37:02'),(889,21,1,438,200,'2021-12-03 15:37:02'),(890,22,1,250,200,'2021-12-03 15:37:02'),(891,14,1,267,200,'2021-12-03 15:38:05'),(892,15,0,0,0,'2021-12-03 15:38:05'),(893,16,1,116,200,'2021-12-03 15:38:05'),(894,17,0,0,0,'2021-12-03 15:38:05'),(895,19,0,0,0,'2021-12-03 15:38:05'),(896,20,0,0,0,'2021-12-03 15:38:05'),(897,21,1,272,200,'2021-12-03 15:38:05'),(898,22,1,222,200,'2021-12-03 15:38:05'),(899,14,1,1181,200,'2021-12-03 15:39:07'),(900,17,0,0,0,'2021-12-03 15:39:07'),(901,19,0,0,0,'2021-12-03 15:39:07'),(902,20,0,0,0,'2021-12-03 15:39:07'),(903,21,0,0,0,'2021-12-03 15:39:07'),(904,22,0,1413,0,'2021-12-03 15:39:07'),(905,14,0,0,0,'2021-12-03 15:40:11'),(906,15,0,0,0,'2021-12-03 15:40:11'),(907,16,1,911,200,'2021-12-03 15:40:11'),(908,17,0,0,0,'2021-12-03 15:40:11'),(909,19,0,0,0,'2021-12-03 15:40:11'),(910,20,0,0,0,'2021-12-03 15:40:11'),(911,21,1,879,200,'2021-12-03 15:40:11'),(912,22,1,911,200,'2021-12-03 15:40:11'),(913,14,1,217,200,'2021-12-03 15:41:04'),(914,17,0,0,0,'2021-12-03 15:41:04'),(915,19,0,0,0,'2021-12-03 15:41:04'),(916,20,0,0,0,'2021-12-03 15:41:04'),(917,21,1,223,200,'2021-12-03 15:41:04'),(918,22,1,1163,200,'2021-12-03 15:41:04'),(919,14,1,375,200,'2021-12-03 15:42:04'),(920,15,0,0,0,'2021-12-03 15:42:04'),(921,16,1,365,200,'2021-12-03 15:42:04'),(922,17,0,0,0,'2021-12-03 15:42:04'),(923,19,0,0,0,'2021-12-03 15:42:04'),(924,20,0,0,0,'2021-12-03 15:42:04'),(925,21,1,183,200,'2021-12-03 15:42:04'),(926,22,1,267,200,'2021-12-03 15:42:04'),(927,14,1,877,200,'2021-12-03 15:43:03'),(928,17,0,0,0,'2021-12-03 15:43:03'),(929,19,0,0,0,'2021-12-03 15:43:03'),(930,20,0,0,0,'2021-12-03 15:43:03'),(931,21,1,846,200,'2021-12-03 15:43:03'),(932,22,1,844,200,'2021-12-03 15:43:03'),(933,14,1,230,200,'2021-12-03 15:44:04'),(934,15,0,0,0,'2021-12-03 15:44:04'),(935,16,1,220,200,'2021-12-03 15:44:04'),(936,17,0,0,0,'2021-12-03 15:44:04'),(937,19,0,0,0,'2021-12-03 15:44:04'),(938,20,0,0,0,'2021-12-03 15:44:04'),(939,21,1,393,200,'2021-12-03 15:44:04'),(940,22,1,301,200,'2021-12-03 15:44:04'),(941,14,1,115,200,'2021-12-03 15:45:04'),(942,17,0,0,0,'2021-12-03 15:45:04'),(943,19,0,0,0,'2021-12-03 15:45:04'),(944,20,0,0,0,'2021-12-03 15:45:04'),(945,21,1,107,200,'2021-12-03 15:45:04'),(946,22,1,234,200,'2021-12-03 15:45:04'),(947,14,0,0,0,'2021-12-03 15:46:16'),(948,15,0,0,0,'2021-12-03 15:46:16'),(949,16,0,0,0,'2021-12-03 15:46:16'),(950,17,0,0,0,'2021-12-03 15:46:16'),(951,19,0,0,0,'2021-12-03 15:46:16'),(952,20,0,0,0,'2021-12-03 15:46:16'),(953,21,0,0,0,'2021-12-03 15:46:16'),(954,22,0,0,0,'2021-12-03 15:46:16'),(955,14,1,1518,200,'2021-12-03 15:47:04'),(956,17,0,0,0,'2021-12-03 15:47:04'),(957,19,0,0,0,'2021-12-03 15:47:04'),(958,20,0,0,0,'2021-12-03 15:47:04'),(959,21,1,900,200,'2021-12-03 15:47:04'),(960,22,1,903,200,'2021-12-03 15:47:04'),(961,14,1,351,200,'2021-12-03 15:48:04'),(962,15,0,0,0,'2021-12-03 15:48:04'),(963,16,1,251,200,'2021-12-03 15:48:04'),(964,17,0,0,0,'2021-12-03 15:48:04'),(965,19,0,0,0,'2021-12-03 15:48:04'),(966,20,0,0,0,'2021-12-03 15:48:04'),(967,21,1,1983,200,'2021-12-03 15:48:04'),(968,22,1,360,200,'2021-12-03 15:48:04'),(969,14,1,250,200,'2021-12-03 15:49:03'),(970,17,0,0,0,'2021-12-03 15:49:03'),(971,19,0,0,0,'2021-12-03 15:49:03'),(972,20,0,0,0,'2021-12-03 15:49:03'),(973,21,1,219,200,'2021-12-03 15:49:03'),(974,22,1,404,200,'2021-12-03 15:49:03'),(975,14,1,543,200,'2021-12-03 15:50:04'),(976,15,0,0,0,'2021-12-03 15:50:04'),(977,16,1,309,200,'2021-12-03 15:50:04'),(978,17,0,0,0,'2021-12-03 15:50:04'),(979,19,0,0,0,'2021-12-03 15:50:04'),(980,20,0,0,0,'2021-12-03 15:50:04'),(981,21,1,488,200,'2021-12-03 15:50:04'),(982,22,1,278,200,'2021-12-03 15:50:04'),(983,14,1,346,200,'2021-12-03 15:51:03'),(984,17,0,0,0,'2021-12-03 15:51:03'),(985,19,0,0,0,'2021-12-03 15:51:03'),(986,20,0,0,0,'2021-12-03 15:51:03'),(987,21,1,239,200,'2021-12-03 15:51:03'),(988,22,1,371,200,'2021-12-03 15:51:03'),(989,14,1,274,200,'2021-12-03 15:52:06'),(990,15,0,0,0,'2021-12-03 15:52:06'),(991,16,1,264,200,'2021-12-03 15:52:06'),(992,17,0,0,0,'2021-12-03 15:52:06'),(993,19,0,0,0,'2021-12-03 15:52:06'),(994,20,0,0,0,'2021-12-03 15:52:06'),(995,21,1,231,200,'2021-12-03 15:52:06'),(996,22,1,2208,200,'2021-12-03 15:52:06'),(997,14,1,160,200,'2021-12-03 15:53:04'),(998,17,0,0,0,'2021-12-03 15:53:04'),(999,19,0,0,0,'2021-12-03 15:53:04'),(1000,20,0,0,0,'2021-12-03 15:53:04'),(1001,21,1,2494,200,'2021-12-03 15:53:04'),(1002,22,1,242,200,'2021-12-03 15:53:04'),(1003,14,1,256,200,'2021-12-03 15:54:04'),(1004,15,0,0,0,'2021-12-03 15:54:04'),(1005,16,1,172,200,'2021-12-03 15:54:04'),(1006,17,0,0,0,'2021-12-03 15:54:04'),(1007,19,0,0,0,'2021-12-03 15:54:04'),(1008,20,0,0,0,'2021-12-03 15:54:04'),(1009,21,1,143,200,'2021-12-03 15:54:04'),(1010,22,1,235,200,'2021-12-03 15:54:04'),(1011,14,1,334,200,'2021-12-03 15:55:03'),(1012,17,0,0,0,'2021-12-03 15:55:03'),(1013,19,0,0,0,'2021-12-03 15:55:03'),(1014,20,0,0,0,'2021-12-03 15:55:03'),(1015,21,1,310,200,'2021-12-03 15:55:03'),(1016,22,1,239,200,'2021-12-03 15:55:03'),(1017,14,1,381,200,'2021-12-03 15:56:04'),(1018,15,0,0,0,'2021-12-03 15:56:04'),(1019,16,1,263,200,'2021-12-03 15:56:04'),(1020,17,0,0,0,'2021-12-03 15:56:04'),(1021,19,0,0,0,'2021-12-03 15:56:04'),(1022,20,0,0,0,'2021-12-03 15:56:04'),(1023,21,1,274,200,'2021-12-03 15:56:04'),(1024,22,1,219,200,'2021-12-03 15:56:04'),(1025,14,1,390,200,'2021-12-03 15:57:04'),(1026,17,0,0,0,'2021-12-03 15:57:04'),(1027,19,0,0,0,'2021-12-03 15:57:04'),(1028,20,0,0,0,'2021-12-03 15:57:04'),(1029,21,1,251,200,'2021-12-03 15:57:04'),(1030,22,1,349,200,'2021-12-03 15:57:04'),(1031,14,0,0,0,'2021-12-03 15:58:16'),(1032,15,0,0,0,'2021-12-03 15:58:16'),(1033,16,1,499,200,'2021-12-03 15:58:16'),(1034,17,0,0,0,'2021-12-03 15:58:16'),(1035,19,0,0,0,'2021-12-03 15:58:16'),(1036,20,0,0,0,'2021-12-03 15:58:16'),(1037,21,1,558,200,'2021-12-03 15:58:16'),(1038,22,1,1362,200,'2021-12-03 15:58:16'),(1039,14,1,1288,200,'2021-12-03 15:59:04'),(1040,17,0,0,0,'2021-12-03 15:59:04'),(1041,19,0,0,0,'2021-12-03 15:59:04'),(1042,20,0,0,0,'2021-12-03 15:59:04'),(1043,21,1,1255,200,'2021-12-03 15:59:04'),(1044,22,1,1145,200,'2021-12-03 15:59:04'),(1045,14,1,1727,200,'2021-12-03 16:00:05'),(1046,15,0,0,0,'2021-12-03 16:00:05'),(1047,16,1,184,200,'2021-12-03 16:00:05'),(1048,17,0,0,0,'2021-12-03 16:00:05'),(1049,19,0,0,0,'2021-12-03 16:00:05'),(1050,20,0,0,0,'2021-12-03 16:00:05'),(1051,21,1,154,200,'2021-12-03 16:00:05'),(1052,22,1,1506,200,'2021-12-03 16:00:05'),(1053,14,0,0,0,'2021-12-03 16:01:16'),(1054,17,0,0,0,'2021-12-03 16:01:16'),(1055,19,0,0,0,'2021-12-03 16:01:16'),(1056,20,0,0,0,'2021-12-03 16:01:16'),(1057,21,0,0,0,'2021-12-03 16:01:16'),(1058,22,0,0,0,'2021-12-03 16:01:16'),(1059,14,0,0,0,'2021-12-03 16:02:16'),(1060,15,0,0,0,'2021-12-03 16:02:16'),(1061,16,0,0,0,'2021-12-03 16:02:16'),(1062,17,0,0,0,'2021-12-03 16:02:16'),(1063,19,0,0,0,'2021-12-03 16:02:16'),(1064,20,0,0,0,'2021-12-03 16:02:16'),(1065,21,0,0,0,'2021-12-03 16:02:16'),(1066,22,0,0,0,'2021-12-03 16:02:16'),(1067,14,0,0,0,'2021-12-03 16:03:17'),(1068,17,0,0,0,'2021-12-03 16:03:17'),(1069,19,0,0,0,'2021-12-03 16:03:17'),(1070,20,0,0,0,'2021-12-03 16:03:17'),(1071,21,0,0,0,'2021-12-03 16:03:17'),(1072,22,0,0,0,'2021-12-03 16:03:17'),(1073,14,0,0,0,'2021-12-03 16:04:16'),(1074,15,0,0,0,'2021-12-03 16:04:16'),(1075,16,0,0,0,'2021-12-03 16:04:16'),(1076,17,0,0,0,'2021-12-03 16:04:16'),(1077,19,0,0,0,'2021-12-03 16:04:16'),(1078,20,0,0,0,'2021-12-03 16:04:16'),(1079,21,0,0,0,'2021-12-03 16:04:16'),(1080,22,0,0,0,'2021-12-03 16:04:16'),(1081,14,0,0,0,'2021-12-03 16:05:16'),(1082,17,0,0,0,'2021-12-03 16:05:16'),(1083,19,0,0,0,'2021-12-03 16:05:16'),(1084,20,0,0,0,'2021-12-03 16:05:16'),(1085,21,0,0,0,'2021-12-03 16:05:16'),(1086,22,0,0,0,'2021-12-03 16:05:16'),(1087,14,0,0,0,'2021-12-03 16:06:16'),(1088,15,0,0,0,'2021-12-03 16:06:16'),(1089,16,0,0,0,'2021-12-03 16:06:16'),(1090,17,0,0,0,'2021-12-03 16:06:16'),(1091,19,0,0,0,'2021-12-03 16:06:16'),(1092,20,0,0,0,'2021-12-03 16:06:16'),(1093,21,0,0,0,'2021-12-03 16:06:16'),(1094,22,0,0,0,'2021-12-03 16:06:16'),(1095,14,0,0,0,'2021-12-03 16:07:11'),(1096,17,0,0,0,'2021-12-03 16:07:11'),(1097,19,0,0,0,'2021-12-03 16:07:11'),(1098,20,0,0,0,'2021-12-03 16:07:11'),(1099,21,0,0,0,'2021-12-03 16:07:11'),(1100,22,0,0,0,'2021-12-03 16:07:11'),(1101,14,0,0,0,'2021-12-03 16:08:11'),(1102,15,0,0,0,'2021-12-03 16:08:11'),(1103,16,0,0,0,'2021-12-03 16:08:11'),(1104,17,0,0,0,'2021-12-03 16:08:11'),(1105,19,0,0,0,'2021-12-03 16:08:11'),(1106,20,0,0,0,'2021-12-03 16:08:11'),(1107,21,0,0,0,'2021-12-03 16:08:11'),(1108,22,0,0,0,'2021-12-03 16:08:11'),(1109,14,0,0,0,'2021-12-03 16:09:09'),(1110,17,0,0,0,'2021-12-03 16:09:09'),(1111,19,0,0,0,'2021-12-03 16:09:09'),(1112,20,0,0,0,'2021-12-03 16:09:09'),(1113,21,0,0,0,'2021-12-03 16:09:09'),(1114,22,0,0,0,'2021-12-03 16:09:09'),(1115,14,0,0,0,'2021-12-03 16:10:16'),(1116,15,0,0,0,'2021-12-03 16:10:16'),(1117,16,0,0,0,'2021-12-03 16:10:16'),(1118,17,0,0,0,'2021-12-03 16:10:16'),(1119,19,0,0,0,'2021-12-03 16:10:16'),(1120,20,0,0,0,'2021-12-03 16:10:16'),(1121,21,0,0,0,'2021-12-03 16:10:16'),(1122,22,0,0,0,'2021-12-03 16:10:16'),(1123,14,0,0,0,'2021-12-03 16:11:16'),(1124,17,0,0,0,'2021-12-03 16:11:16'),(1125,19,0,0,0,'2021-12-03 16:11:16'),(1126,20,0,0,0,'2021-12-03 16:11:16'),(1127,21,0,0,0,'2021-12-03 16:11:16'),(1128,22,0,0,0,'2021-12-03 16:11:16'),(1129,14,0,0,0,'2021-12-03 16:12:17'),(1130,15,0,0,0,'2021-12-03 16:12:17'),(1131,16,0,0,0,'2021-12-03 16:12:17'),(1132,17,0,0,0,'2021-12-03 16:12:17'),(1133,19,0,0,0,'2021-12-03 16:12:17'),(1134,20,0,0,0,'2021-12-03 16:12:17'),(1135,21,0,0,0,'2021-12-03 16:12:17'),(1136,22,0,0,0,'2021-12-03 16:12:17'),(1137,14,0,0,0,'2021-12-03 16:13:15'),(1138,17,0,0,0,'2021-12-03 16:13:15'),(1139,19,0,0,0,'2021-12-03 16:13:15'),(1140,20,0,0,0,'2021-12-03 16:13:15'),(1141,21,0,0,0,'2021-12-03 16:13:15'),(1142,22,0,0,0,'2021-12-03 16:13:15'),(1143,14,0,0,0,'2021-12-03 16:14:21'),(1144,15,0,0,0,'2021-12-03 16:14:21'),(1145,16,0,0,0,'2021-12-03 16:14:21'),(1146,17,0,0,0,'2021-12-03 16:14:21'),(1147,19,0,0,0,'2021-12-03 16:14:21'),(1148,20,0,0,0,'2021-12-03 16:14:21'),(1149,21,0,0,0,'2021-12-03 16:14:21'),(1150,22,0,0,0,'2021-12-03 16:14:21'),(1151,14,0,0,0,'2021-12-03 16:15:16'),(1152,17,0,0,0,'2021-12-03 16:15:16'),(1153,19,0,0,0,'2021-12-03 16:15:16'),(1154,20,0,0,0,'2021-12-03 16:15:16'),(1155,21,0,0,0,'2021-12-03 16:15:16'),(1156,22,0,0,0,'2021-12-03 16:15:16'),(1157,14,0,0,0,'2021-12-03 16:16:16'),(1158,15,0,0,0,'2021-12-03 16:16:16'),(1159,16,0,0,0,'2021-12-03 16:16:16'),(1160,17,0,0,0,'2021-12-03 16:16:16'),(1161,19,0,0,0,'2021-12-03 16:16:16'),(1162,20,0,0,0,'2021-12-03 16:16:16'),(1163,21,0,0,0,'2021-12-03 16:16:16'),(1164,22,0,0,0,'2021-12-03 16:16:16'),(1165,14,0,0,0,'2021-12-03 16:17:09'),(1166,17,0,0,0,'2021-12-03 16:17:09'),(1167,19,0,0,0,'2021-12-03 16:17:09'),(1168,20,0,0,0,'2021-12-03 16:17:09'),(1169,21,0,0,0,'2021-12-03 16:17:09'),(1170,22,0,0,0,'2021-12-03 16:17:09'),(1171,14,0,0,0,'2021-12-03 16:18:16'),(1172,15,0,0,0,'2021-12-03 16:18:16'),(1173,16,0,0,0,'2021-12-03 16:18:16'),(1174,17,0,0,0,'2021-12-03 16:18:16'),(1175,19,0,0,0,'2021-12-03 16:18:16'),(1176,20,0,0,0,'2021-12-03 16:18:16'),(1177,21,0,0,0,'2021-12-03 16:18:16'),(1178,22,0,0,0,'2021-12-03 16:18:16'),(1179,14,1,151,200,'2021-12-03 16:30:50'),(1180,15,0,0,0,'2021-12-03 16:30:50'),(1181,16,1,103,200,'2021-12-03 16:30:50'),(1182,17,0,0,0,'2021-12-03 16:30:50'),(1183,19,0,0,0,'2021-12-03 16:30:50'),(1184,20,0,0,0,'2021-12-03 16:30:50'),(1185,21,1,176,200,'2021-12-03 16:30:50'),(1186,22,1,1808,200,'2021-12-03 16:30:50'),(1187,14,0,0,0,'2021-12-03 16:32:06'),(1188,17,0,0,0,'2021-12-03 16:32:06'),(1189,19,0,0,0,'2021-12-03 16:32:06'),(1190,20,0,0,0,'2021-12-03 16:32:06'),(1191,21,0,0,0,'2021-12-03 16:32:06'),(1192,22,1,1348,200,'2021-12-03 16:32:06'),(1193,14,0,0,0,'2021-12-03 16:33:06'),(1194,15,0,0,0,'2021-12-03 16:33:06'),(1195,16,1,411,200,'2021-12-03 16:33:06'),(1196,17,0,0,0,'2021-12-03 16:33:06'),(1197,19,0,0,0,'2021-12-03 16:33:06'),(1198,20,0,0,0,'2021-12-03 16:33:06'),(1199,21,1,423,200,'2021-12-03 16:33:06'),(1200,22,1,439,200,'2021-12-03 16:33:06'),(1201,14,0,0,0,'2021-12-03 16:34:07'),(1202,17,0,0,0,'2021-12-03 16:34:07'),(1203,19,0,0,0,'2021-12-03 16:34:07'),(1204,20,0,0,0,'2021-12-03 16:34:07'),(1205,21,0,0,0,'2021-12-03 16:34:07'),(1206,22,0,0,0,'2021-12-03 16:34:07'),(1207,14,1,369,200,'2021-12-03 16:35:04'),(1208,15,0,0,0,'2021-12-03 16:35:04'),(1209,16,1,262,200,'2021-12-03 16:35:04'),(1210,17,0,0,0,'2021-12-03 16:35:04'),(1211,19,0,0,0,'2021-12-03 16:35:04'),(1212,20,0,0,0,'2021-12-03 16:35:04'),(1213,21,1,315,200,'2021-12-03 16:35:04'),(1214,22,1,449,200,'2021-12-03 16:35:04'),(1215,14,1,273,200,'2021-12-03 16:36:05'),(1216,17,0,0,0,'2021-12-03 16:36:05'),(1217,19,0,0,0,'2021-12-03 16:36:05'),(1218,20,0,0,0,'2021-12-03 16:36:05'),(1219,21,1,239,200,'2021-12-03 16:36:05'),(1220,22,1,397,200,'2021-12-03 16:36:05'),(1221,14,1,1551,200,'2021-12-03 16:37:04'),(1222,15,0,0,0,'2021-12-03 16:37:04'),(1223,16,1,537,200,'2021-12-03 16:37:04'),(1224,17,0,0,0,'2021-12-03 16:37:04'),(1225,19,0,0,0,'2021-12-03 16:37:04'),(1226,20,0,0,0,'2021-12-03 16:37:04'),(1227,21,1,504,200,'2021-12-03 16:37:04'),(1228,22,1,239,200,'2021-12-03 16:37:04'),(1229,14,0,0,0,'2021-12-03 16:38:07'),(1230,17,0,0,0,'2021-12-03 16:38:07'),(1231,19,0,0,0,'2021-12-03 16:38:07'),(1232,20,0,0,0,'2021-12-03 16:38:07'),(1233,21,0,0,0,'2021-12-03 16:38:07'),(1234,22,1,1483,200,'2021-12-03 16:38:07'),(1235,14,1,420,200,'2021-12-03 16:39:04'),(1236,15,0,0,0,'2021-12-03 16:39:04'),(1237,16,1,411,200,'2021-12-03 16:39:04'),(1238,17,0,0,0,'2021-12-03 16:39:04'),(1239,19,0,0,0,'2021-12-03 16:39:04'),(1240,20,0,0,0,'2021-12-03 16:39:04'),(1241,21,1,375,200,'2021-12-03 16:39:04'),(1242,22,1,372,200,'2021-12-03 16:39:04'),(1243,14,1,763,200,'2021-12-03 16:40:03'),(1244,17,0,0,0,'2021-12-03 16:40:03'),(1245,19,0,0,0,'2021-12-03 16:40:03'),(1246,20,0,0,0,'2021-12-03 16:40:03'),(1247,21,1,733,200,'2021-12-03 16:40:03'),(1248,22,1,463,200,'2021-12-03 16:40:03'),(1249,14,1,572,200,'2021-12-03 16:41:12'),(1250,15,0,0,0,'2021-12-03 16:41:12'),(1251,16,1,1234,200,'2021-12-03 16:41:12'),(1252,17,0,0,0,'2021-12-03 16:41:12'),(1253,19,0,0,0,'2021-12-03 16:41:12'),(1254,20,0,0,0,'2021-12-03 16:41:12'),(1255,21,0,0,0,'2021-12-03 16:41:12'),(1256,22,1,294,200,'2021-12-03 16:41:12'),(1257,14,1,148,200,'2021-12-03 16:42:03'),(1258,17,0,0,0,'2021-12-03 16:42:03'),(1259,19,0,0,0,'2021-12-03 16:42:03'),(1260,20,0,0,0,'2021-12-03 16:42:03'),(1261,21,1,117,200,'2021-12-03 16:42:03'),(1262,22,1,347,200,'2021-12-03 16:42:03'),(1263,14,1,313,200,'2021-12-03 16:43:05'),(1264,15,0,0,0,'2021-12-03 16:43:05'),(1265,16,1,229,200,'2021-12-03 16:43:05'),(1266,17,0,0,0,'2021-12-03 16:43:05'),(1267,19,0,0,0,'2021-12-03 16:43:05'),(1268,20,0,0,0,'2021-12-03 16:43:05'),(1269,21,0,2430,0,'2021-12-03 16:43:05'),(1270,22,1,328,200,'2021-12-03 16:43:05'),(1271,14,0,0,0,'2021-12-03 16:44:11'),(1272,17,0,0,0,'2021-12-03 16:44:11'),(1273,19,0,0,0,'2021-12-03 16:44:11'),(1274,20,0,0,0,'2021-12-03 16:44:11'),(1275,21,0,1490,0,'2021-12-03 16:44:11'),(1276,22,0,2770,0,'2021-12-03 16:44:11'),(1277,14,0,0,0,'2021-12-03 16:45:12'),(1278,15,0,0,0,'2021-12-03 16:45:12'),(1279,16,0,308,0,'2021-12-03 16:45:12'),(1280,17,0,0,0,'2021-12-03 16:45:12'),(1281,19,0,0,0,'2021-12-03 16:45:12'),(1282,20,0,0,0,'2021-12-03 16:45:12'),(1283,21,0,0,0,'2021-12-03 16:45:12'),(1284,22,0,1436,0,'2021-12-03 16:45:12'),(1285,14,0,0,0,'2021-12-03 16:46:06'),(1286,17,0,0,0,'2021-12-03 16:46:06'),(1287,19,0,0,0,'2021-12-03 16:46:06'),(1288,20,0,0,0,'2021-12-03 16:46:06'),(1289,21,1,452,200,'2021-12-03 16:46:06'),(1290,22,1,523,200,'2021-12-03 16:46:06'),(1291,14,1,418,200,'2021-12-03 16:47:04'),(1292,15,0,0,0,'2021-12-03 16:47:04'),(1293,16,1,415,200,'2021-12-03 16:47:04'),(1294,17,0,0,0,'2021-12-03 16:47:04'),(1295,19,0,0,0,'2021-12-03 16:47:04'),(1296,20,0,0,0,'2021-12-03 16:47:04'),(1297,21,1,384,200,'2021-12-03 16:47:04'),(1298,22,1,388,200,'2021-12-03 16:47:04'),(1299,14,0,0,0,'2021-12-03 16:48:07'),(1300,17,0,0,0,'2021-12-03 16:48:07'),(1301,19,0,0,0,'2021-12-03 16:48:07'),(1302,20,0,0,0,'2021-12-03 16:48:07'),(1303,21,1,645,200,'2021-12-03 16:48:07'),(1304,22,0,0,0,'2021-12-03 16:48:07'),(1305,14,1,310,200,'2021-12-03 16:49:04'),(1306,15,0,0,0,'2021-12-03 16:49:04'),(1307,16,1,317,200,'2021-12-03 16:49:04'),(1308,17,0,0,0,'2021-12-03 16:49:04'),(1309,19,0,0,0,'2021-12-03 16:49:04'),(1310,20,0,0,0,'2021-12-03 16:49:04'),(1311,21,1,251,200,'2021-12-03 16:49:04'),(1312,22,1,371,200,'2021-12-03 16:49:04'),(1313,14,1,396,200,'2021-12-03 16:50:03'),(1314,17,0,0,0,'2021-12-03 16:50:03'),(1315,19,0,0,0,'2021-12-03 16:50:03'),(1316,20,0,0,0,'2021-12-03 16:50:03'),(1317,21,1,595,200,'2021-12-03 16:50:03'),(1318,22,1,351,200,'2021-12-03 16:50:03'),(1319,14,1,258,200,'2021-12-03 16:51:04'),(1320,15,0,0,0,'2021-12-03 16:51:04'),(1321,16,1,207,200,'2021-12-03 16:51:04'),(1322,17,0,0,0,'2021-12-03 16:51:04'),(1323,19,0,0,0,'2021-12-03 16:51:04'),(1324,20,0,0,0,'2021-12-03 16:51:04'),(1325,21,1,248,200,'2021-12-03 16:51:04'),(1326,22,1,252,200,'2021-12-03 16:51:04'),(1327,14,1,199,200,'2021-12-03 16:52:03'),(1328,17,0,0,0,'2021-12-03 16:52:03'),(1329,19,0,0,0,'2021-12-03 16:52:03'),(1330,20,0,0,0,'2021-12-03 16:52:03'),(1331,21,1,125,200,'2021-12-03 16:52:03'),(1332,22,1,237,200,'2021-12-03 16:52:03'),(1333,14,1,326,200,'2021-12-03 16:53:04'),(1334,15,0,0,0,'2021-12-03 16:53:04'),(1335,16,1,126,200,'2021-12-03 16:53:04'),(1336,17,0,0,0,'2021-12-03 16:53:04'),(1337,19,0,0,0,'2021-12-03 16:53:04'),(1338,20,0,0,0,'2021-12-03 16:53:04'),(1339,21,1,221,200,'2021-12-03 16:53:04'),(1340,22,1,223,200,'2021-12-03 16:53:04'),(1341,14,1,401,200,'2021-12-03 16:54:07'),(1342,17,0,0,0,'2021-12-03 16:54:07'),(1343,19,0,0,0,'2021-12-03 16:54:07'),(1344,20,0,0,0,'2021-12-03 16:54:07'),(1345,21,1,148,200,'2021-12-03 16:54:07'),(1346,22,0,0,0,'2021-12-03 16:54:07'),(1347,14,1,360,200,'2021-12-03 16:55:05'),(1348,15,0,0,0,'2021-12-03 16:55:05'),(1349,16,1,171,200,'2021-12-03 16:55:05'),(1350,17,0,0,0,'2021-12-03 16:55:05'),(1351,19,0,0,0,'2021-12-03 16:55:05'),(1352,20,0,0,0,'2021-12-03 16:55:05'),(1353,21,1,241,200,'2021-12-03 16:55:05'),(1354,22,1,255,200,'2021-12-03 16:55:05'),(1355,14,1,419,200,'2021-12-03 16:56:03'),(1356,17,0,0,0,'2021-12-03 16:56:03'),(1357,19,0,0,0,'2021-12-03 16:56:03'),(1358,20,0,0,0,'2021-12-03 16:56:03'),(1359,21,1,294,200,'2021-12-03 16:56:03'),(1360,22,1,389,200,'2021-12-03 16:56:03'),(1361,14,1,266,200,'2021-12-03 16:57:04'),(1362,15,0,0,0,'2021-12-03 16:57:04'),(1363,16,1,127,200,'2021-12-03 16:57:04'),(1364,17,0,0,0,'2021-12-03 16:57:04'),(1365,19,0,0,0,'2021-12-03 16:57:04'),(1366,20,0,0,0,'2021-12-03 16:57:04'),(1367,21,1,407,200,'2021-12-03 16:57:04'),(1368,22,1,245,200,'2021-12-03 16:57:04'),(1369,14,1,400,200,'2021-12-03 16:58:02'),(1370,17,0,0,0,'2021-12-03 16:58:02'),(1371,19,0,0,0,'2021-12-03 16:58:02'),(1372,20,0,0,0,'2021-12-03 16:58:02'),(1373,21,1,261,200,'2021-12-03 16:58:02'),(1374,22,1,367,200,'2021-12-03 16:58:02'),(1375,14,0,736,0,'2021-12-03 16:59:06'),(1376,15,0,0,0,'2021-12-03 16:59:06'),(1377,16,0,206,0,'2021-12-03 16:59:06'),(1378,17,0,0,0,'2021-12-03 16:59:06'),(1379,19,0,0,0,'2021-12-03 16:59:06'),(1380,20,0,0,0,'2021-12-03 16:59:06'),(1381,21,1,808,200,'2021-12-03 16:59:06'),(1382,22,0,346,0,'2021-12-03 16:59:06'),(1383,14,0,0,0,'2021-12-03 17:00:09'),(1384,17,0,0,0,'2021-12-03 17:00:09'),(1385,19,0,0,0,'2021-12-03 17:00:09'),(1386,20,0,0,0,'2021-12-03 17:00:09'),(1387,21,0,0,0,'2021-12-03 17:00:09'),(1388,22,0,0,0,'2021-12-03 17:00:09'),(1389,14,0,1498,0,'2021-12-03 17:01:21'),(1390,15,0,0,0,'2021-12-03 17:01:21'),(1391,16,0,0,0,'2021-12-03 17:01:21'),(1392,17,0,0,0,'2021-12-03 17:01:21'),(1393,19,0,0,0,'2021-12-03 17:01:21'),(1394,20,0,0,0,'2021-12-03 17:01:21'),(1395,21,0,0,0,'2021-12-03 17:01:21'),(1396,22,0,577,0,'2021-12-03 17:01:21'),(1397,14,1,264,200,'2021-12-03 17:02:04'),(1398,17,0,0,0,'2021-12-03 17:02:04'),(1399,19,0,0,0,'2021-12-03 17:02:04'),(1400,20,0,0,0,'2021-12-03 17:02:04'),(1401,21,1,337,200,'2021-12-03 17:02:04'),(1402,22,1,368,200,'2021-12-03 17:02:04'),(1403,14,1,269,200,'2021-12-03 17:03:05'),(1404,15,0,0,0,'2021-12-03 17:03:05'),(1405,16,1,139,200,'2021-12-03 17:03:05'),(1406,17,0,0,0,'2021-12-03 17:03:05'),(1407,19,0,0,0,'2021-12-03 17:03:05'),(1408,20,0,0,0,'2021-12-03 17:03:05'),(1409,21,1,223,200,'2021-12-03 17:03:05'),(1410,22,1,263,200,'2021-12-03 17:03:05'),(1411,14,1,627,200,'2021-12-03 17:04:03'),(1412,17,0,0,0,'2021-12-03 17:04:03'),(1413,19,0,0,0,'2021-12-03 17:04:03'),(1414,20,0,0,0,'2021-12-03 17:04:03'),(1415,21,1,509,200,'2021-12-03 17:04:03'),(1416,22,1,594,200,'2021-12-03 17:04:03'),(1417,14,1,223,200,'2021-12-03 17:05:06'),(1418,15,0,0,0,'2021-12-03 17:05:06'),(1419,16,1,103,200,'2021-12-03 17:05:06'),(1420,17,0,0,0,'2021-12-03 17:05:06'),(1421,19,0,0,0,'2021-12-03 17:05:06'),(1422,20,0,0,0,'2021-12-03 17:05:06'),(1423,21,1,1360,200,'2021-12-03 17:05:06'),(1424,22,1,330,200,'2021-12-03 17:05:06'),(1425,14,1,1282,200,'2021-12-03 17:06:12'),(1426,17,0,0,0,'2021-12-03 17:06:12'),(1427,19,0,0,0,'2021-12-03 17:06:12'),(1428,20,0,0,0,'2021-12-03 17:06:12'),(1429,21,0,0,0,'2021-12-03 17:06:12'),(1430,22,0,0,0,'2021-12-03 17:06:12'),(1431,14,1,604,200,'2021-12-03 17:07:04'),(1432,15,0,0,0,'2021-12-03 17:07:04'),(1433,16,1,595,200,'2021-12-03 17:07:04'),(1434,17,0,0,0,'2021-12-03 17:07:04'),(1435,19,0,0,0,'2021-12-03 17:07:04'),(1436,20,0,0,0,'2021-12-03 17:07:04'),(1437,21,0,557,0,'2021-12-03 17:07:04'),(1438,22,1,759,200,'2021-12-03 17:07:04'),(1439,14,1,229,200,'2021-12-03 17:08:03'),(1440,17,0,0,0,'2021-12-03 17:08:03'),(1441,19,0,0,0,'2021-12-03 17:08:03'),(1442,20,0,0,0,'2021-12-03 17:08:03'),(1443,21,1,264,200,'2021-12-03 17:08:03'),(1444,22,1,499,200,'2021-12-03 17:08:03'),(1445,14,1,138,200,'2021-12-03 17:09:05'),(1446,15,0,0,0,'2021-12-03 17:09:05'),(1447,16,1,129,200,'2021-12-03 17:09:05'),(1448,17,0,0,0,'2021-12-03 17:09:05'),(1449,19,0,0,0,'2021-12-03 17:09:05'),(1450,20,0,0,0,'2021-12-03 17:09:05'),(1451,21,1,199,200,'2021-12-03 17:09:05'),(1452,22,1,261,200,'2021-12-03 17:09:05'),(1453,14,0,1842,0,'2021-12-03 17:10:04'),(1454,17,0,0,0,'2021-12-03 17:10:04'),(1455,19,0,0,0,'2021-12-03 17:10:04'),(1456,20,0,0,0,'2021-12-03 17:10:04'),(1457,21,1,249,200,'2021-12-03 17:10:04'),(1458,22,1,457,200,'2021-12-03 17:10:04'),(1459,14,1,127,200,'2021-12-03 17:11:04'),(1460,15,0,0,0,'2021-12-03 17:11:04'),(1461,16,1,458,200,'2021-12-03 17:11:04'),(1462,17,0,0,0,'2021-12-03 17:11:04'),(1463,19,0,0,0,'2021-12-03 17:11:04'),(1464,20,0,0,0,'2021-12-03 17:11:04'),(1465,21,1,236,200,'2021-12-03 17:11:04'),(1466,22,1,249,200,'2021-12-03 17:11:04'),(1467,14,0,0,0,'2021-12-03 17:12:12'),(1468,17,0,0,0,'2021-12-03 17:12:12'),(1469,19,0,0,0,'2021-12-03 17:12:12'),(1470,20,0,0,0,'2021-12-03 17:12:12'),(1471,21,0,0,0,'2021-12-03 17:12:12'),(1472,22,0,0,0,'2021-12-03 17:12:12'),(1473,14,1,194,200,'2021-12-03 17:13:04'),(1474,15,0,0,0,'2021-12-03 17:13:04'),(1475,16,1,396,200,'2021-12-03 17:13:04'),(1476,17,0,0,0,'2021-12-03 17:13:04'),(1477,19,0,0,0,'2021-12-03 17:13:04'),(1478,20,0,0,0,'2021-12-03 17:13:04'),(1479,21,1,232,200,'2021-12-03 17:13:04'),(1480,22,1,373,200,'2021-12-03 17:13:04'),(1481,14,1,204,200,'2021-12-03 17:14:03'),(1482,17,0,0,0,'2021-12-03 17:14:03'),(1483,19,0,0,0,'2021-12-03 17:14:03'),(1484,20,0,0,0,'2021-12-03 17:14:03'),(1485,21,1,271,200,'2021-12-03 17:14:03'),(1486,22,1,232,200,'2021-12-03 17:14:03'),(1487,14,1,115,200,'2021-12-03 17:15:05'),(1488,15,0,0,0,'2021-12-03 17:15:05'),(1489,16,1,107,200,'2021-12-03 17:15:05'),(1490,17,0,0,0,'2021-12-03 17:15:05'),(1491,19,0,0,0,'2021-12-03 17:15:05'),(1492,20,0,0,0,'2021-12-03 17:15:05'),(1493,21,1,202,200,'2021-12-03 17:15:05'),(1494,22,1,250,200,'2021-12-03 17:15:05'),(1495,14,1,272,200,'2021-12-03 17:16:03'),(1496,17,0,0,0,'2021-12-03 17:16:03'),(1497,19,0,0,0,'2021-12-03 17:16:03'),(1498,20,0,0,0,'2021-12-03 17:16:03'),(1499,21,1,335,200,'2021-12-03 17:16:03'),(1500,22,1,251,200,'2021-12-03 17:16:03'),(1501,14,0,0,0,'2021-12-03 17:17:11'),(1502,15,0,0,0,'2021-12-03 17:17:11'),(1503,16,0,0,0,'2021-12-03 17:17:11'),(1504,17,0,0,0,'2021-12-03 17:17:11'),(1505,19,0,0,0,'2021-12-03 17:17:11'),(1506,20,0,0,0,'2021-12-03 17:17:11'),(1507,21,0,0,0,'2021-12-03 17:17:11'),(1508,22,0,0,0,'2021-12-03 17:17:11'),(1509,14,1,137,200,'2021-12-03 17:18:03'),(1510,17,0,0,0,'2021-12-03 17:18:03'),(1511,19,0,0,0,'2021-12-03 17:18:03'),(1512,20,0,0,0,'2021-12-03 17:18:03'),(1513,21,1,936,200,'2021-12-03 17:18:03'),(1514,22,1,343,200,'2021-12-03 17:18:03'),(1515,14,1,153,200,'2021-12-03 17:19:04'),(1516,15,0,0,0,'2021-12-03 17:19:04'),(1517,16,1,80,200,'2021-12-03 17:19:04'),(1518,17,0,0,0,'2021-12-03 17:19:04'),(1519,19,0,0,0,'2021-12-03 17:19:04'),(1520,20,0,0,0,'2021-12-03 17:19:04'),(1521,21,1,119,200,'2021-12-03 17:19:04'),(1522,22,1,229,200,'2021-12-03 17:19:04'),(1523,14,1,1376,200,'2021-12-05 04:59:28'),(1524,15,0,0,0,'2021-12-05 04:59:28'),(1525,16,1,453,200,'2021-12-05 04:59:28'),(1526,17,0,0,0,'2021-12-05 04:59:28'),(1527,19,0,0,0,'2021-12-05 04:59:28'),(1528,20,0,0,0,'2021-12-05 04:59:28'),(1529,21,1,1332,200,'2021-12-05 04:59:28'),(1530,22,1,1574,200,'2021-12-05 04:59:28'),(1531,14,1,293,200,'2021-12-05 05:02:39'),(1532,15,0,0,0,'2021-12-05 05:02:39'),(1533,16,1,290,200,'2021-12-05 05:02:39'),(1534,17,0,0,0,'2021-12-05 05:02:39'),(1535,19,0,0,0,'2021-12-05 05:02:39'),(1536,20,0,0,0,'2021-12-05 05:02:39'),(1537,21,1,447,200,'2021-12-05 05:02:39'),(1538,22,1,241,200,'2021-12-05 05:02:39');
/*!40000 ALTER TABLE `checks` ENABLE KEYS */;
UNLOCK TABLES;

--
-- Table structure for table `domains`
--

DROP TABLE IF EXISTS `domains`;
/*!40101 SET @saved_cs_client     = @@character_set_client */;
/*!50503 SET character_set_client = utf8mb4 */;
CREATE TABLE `domains` (
  `domain_id` int NOT NULL AUTO_INCREMENT,
  `url` varchar(100) NOT NULL,
  `protocol` varchar(10) NOT NULL,
  `organization` varchar(100) DEFAULT NULL,
  `expire_on` date DEFAULT NULL,
  `user_id` int NOT NULL,
  `registered_on` date DEFAULT NULL,
  `updated_on` date DEFAULT NULL,
  `remind_before_days` int DEFAULT '30',
  PRIMARY KEY (`domain_id`),
  KEY `user_id` (`user_id`),
  CONSTRAINT `domains_ibfk_1` FOREIGN KEY (`user_id`) REFERENCES `users` (`user_id`) ON DELETE CASCADE
) ENGINE=InnoDB AUTO_INCREMENT=13 DEFAULT CHARSET=utf8mb4 COLLATE=utf8mb4_0900_ai_ci;
/*!40101 SET character_set_client = @saved_cs_client */;

--
-- Dumping data for table `domains`
--

LOCK TABLES `domains` WRITE;
/*!40000 ALTER TABLE `domains` DISABLE KEYS */;
INSERT INTO `domains` VALUES (5,'kuntalsarkar.live','https','Name.com, Inc.','2022-03-26',7,'2021-03-26','2021-10-15',30),(6,'facebook.com','https','RegistrarSafe, LLC','2031-03-30',7,'1997-03-29','2021-10-18',30),(7,'pondiuni.ac.in','https','',NULL,7,NULL,NULL,30),(8,'pondiuni.ac.in','https','',NULL,7,NULL,NULL,30),(9,'sendgrid.com','https','GoDaddy.com, LLC','2026-04-20',7,'2009-04-20','2019-05-16',30),(10,'maldacollege.ac.in','https','',NULL,7,NULL,NULL,30),(11,'maldacollege.ac.in','https','',NULL,7,NULL,NULL,30),(12,'kuntalsarkar.live','https','Name.com, Inc.','2022-03-26',7,'2021-03-26','2021-10-15',50);
/*!40000 ALTER TABLE `domains` ENABLE KEYS */;
UNLOCK TABLES;

--
-- Table structure for table `incidents`
--

DROP TABLE IF EXISTS `incidents`;
/*!40101 SET @saved_cs_client     = @@character_set_client */;
/*!50503 SET character_set_client = utf8mb4 */;
CREATE TABLE `incidents` (
  `incident_id` int NOT NULL AUTO_INCREMENT,
  `monitor_id` int DEFAULT NULL,
  `incident_time` timestamp NULL DEFAULT CURRENT_TIMESTAMP,
  `response_code` int DEFAULT NULL,
  PRIMARY KEY (`incident_id`),
  KEY `monitor_id` (`monitor_id`),
  CONSTRAINT `incidents_ibfk_1` FOREIGN KEY (`monitor_id`) REFERENCES `monitors` (`monitor_id`)
) ENGINE=InnoDB AUTO_INCREMENT=5 DEFAULT CHARSET=utf8mb4 COLLATE=utf8mb4_0900_ai_ci;
/*!40101 SET character_set_client = @saved_cs_client */;

--
-- Dumping data for table `incidents`
--

LOCK TABLES `incidents` WRITE;
/*!40000 ALTER TABLE `incidents` DISABLE KEYS */;
INSERT INTO `incidents` VALUES (1,15,'2021-12-05 05:02:39',0),(2,17,'2021-12-05 05:02:39',0),(3,19,'2021-12-05 05:02:39',0),(4,20,'2021-12-05 05:02:39',0);
/*!40000 ALTER TABLE `incidents` ENABLE KEYS */;
UNLOCK TABLES;

--
-- Table structure for table `last_checks`
--

DROP TABLE IF EXISTS `last_checks`;
/*!40101 SET @saved_cs_client     = @@character_set_client */;
/*!50503 SET character_set_client = utf8mb4 */;
CREATE TABLE `last_checks` (
  `monitor_id` int NOT NULL,
  `checked_at` timestamp NULL DEFAULT CURRENT_TIMESTAMP,
  `status` tinyint(1) NOT NULL DEFAULT '1',
  KEY `monitor_id` (`monitor_id`),
  CONSTRAINT `last_checks_ibfk_1` FOREIGN KEY (`monitor_id`) REFERENCES `monitors` (`monitor_id`) ON DELETE CASCADE
) ENGINE=InnoDB DEFAULT CHARSET=utf8mb4 COLLATE=utf8mb4_0900_ai_ci;
/*!40101 SET character_set_client = @saved_cs_client */;

--
-- Dumping data for table `last_checks`
--

LOCK TABLES `last_checks` WRITE;
/*!40000 ALTER TABLE `last_checks` DISABLE KEYS */;
INSERT INTO `last_checks` VALUES (14,'2021-12-05 05:02:39',1),(15,'2021-12-05 05:02:39',0),(16,'2021-12-05 05:02:39',1),(17,'2021-12-05 05:02:39',0),(19,'2021-12-05 05:02:39',0),(20,'2021-12-05 05:02:39',0),(21,'2021-12-05 05:02:39',1),(22,'2021-12-05 05:02:39',1),(23,'2021-12-05 16:01:45',1),(24,'2021-12-05 16:02:22',1);
/*!40000 ALTER TABLE `last_checks` ENABLE KEYS */;
UNLOCK TABLES;

--
-- Table structure for table `monitors`
--

DROP TABLE IF EXISTS `monitors`;
/*!40101 SET @saved_cs_client     = @@character_set_client */;
/*!50503 SET character_set_client = utf8mb4 */;
CREATE TABLE `monitors` (
  `monitor_id` int NOT NULL AUTO_INCREMENT,
  `user_id` int NOT NULL,
  `title` varchar(60) NOT NULL,
  `protocol` varchar(10) NOT NULL,
  `check_interval` int NOT NULL,
  `url` varchar(60) NOT NULL,
  `created_at` timestamp NULL DEFAULT CURRENT_TIMESTAMP,
  `is_active` tinyint(1) DEFAULT '1',
  `is_alerted` tinyint(1) NOT NULL DEFAULT '0',
  PRIMARY KEY (`monitor_id`),
  KEY `user_id` (`user_id`),
  CONSTRAINT `monitors_ibfk_1` FOREIGN KEY (`user_id`) REFERENCES `users` (`user_id`) ON DELETE CASCADE
) ENGINE=InnoDB AUTO_INCREMENT=25 DEFAULT CHARSET=utf8mb4 COLLATE=utf8mb4_0900_ai_ci;
/*!40101 SET character_set_client = @saved_cs_client */;

--
-- Dumping data for table `monitors`
--

LOCK TABLES `monitors` WRITE;
/*!40000 ALTER TABLE `monitors` DISABLE KEYS */;
INSERT INTO `monitors` VALUES (14,7,'facebook','https',60,'www.facebook.com','2021-12-03 06:37:18',1,0),(15,7,'test','http',120,'test.com','2021-12-03 06:37:50',1,0),(16,7,'google','https',120,'www.google.com','2021-12-03 06:46:13',1,0),(17,7,'failed test','https',60,'failedteststt.com','2021-12-03 06:46:38',1,0),(19,14,'test down','https',60,'www.dfdfddfd.dfd','2021-12-03 07:49:30',1,0),(20,14,'dfgfdgfdg','https',60,'dfdf.dff','2021-12-03 07:49:47',1,0),(21,14,'github','https',60,'github.com','2021-12-03 14:47:05',1,0),(22,7,'Portfolio','https',60,'kuntalsarkar.live','2021-12-03 14:55:17',1,0),(23,7,'Sendgrid','https',60,'sendgrid.com','2021-12-05 16:01:45',1,0),(24,7,'Pondicherry','https',60,'pondiuni.ac.in','2021-12-05 16:02:22',1,0);
/*!40000 ALTER TABLE `monitors` ENABLE KEYS */;
UNLOCK TABLES;

--
-- Table structure for table `ssl`
--

DROP TABLE IF EXISTS `ssl`;
/*!40101 SET @saved_cs_client     = @@character_set_client */;
/*!50503 SET character_set_client = utf8mb4 */;
CREATE TABLE `ssl` (
  `ssl_id` int NOT NULL AUTO_INCREMENT,
  `url` varchar(100) NOT NULL,
  `protocol` varchar(10) NOT NULL,
  `issuer` varchar(100) DEFAULT NULL,
  `expiry` date DEFAULT NULL,
  `user_id` int NOT NULL,
  PRIMARY KEY (`ssl_id`),
  KEY `user_id` (`user_id`),
  CONSTRAINT `ssl_ibfk_1` FOREIGN KEY (`user_id`) REFERENCES `users` (`user_id`) ON DELETE CASCADE
) ENGINE=InnoDB DEFAULT CHARSET=utf8mb4 COLLATE=utf8mb4_0900_ai_ci;
/*!40101 SET character_set_client = @saved_cs_client */;

--
-- Dumping data for table `ssl`
--

LOCK TABLES `ssl` WRITE;
/*!40000 ALTER TABLE `ssl` DISABLE KEYS */;
/*!40000 ALTER TABLE `ssl` ENABLE KEYS */;
UNLOCK TABLES;

--
-- Table structure for table `ssl_monitors`
--

DROP TABLE IF EXISTS `ssl_monitors`;
/*!40101 SET @saved_cs_client     = @@character_set_client */;
/*!50503 SET character_set_client = utf8mb4 */;
CREATE TABLE `ssl_monitors` (
  `ssl_id` int NOT NULL AUTO_INCREMENT,
  `url` varchar(100) NOT NULL,
  `protocol` varchar(10) NOT NULL,
  `issuer` varchar(100) DEFAULT NULL,
  `user_id` int NOT NULL,
  `algorithm` varchar(100) DEFAULT NULL,
  `start_date` timestamp NULL DEFAULT NULL,
  `end_date` timestamp NULL DEFAULT NULL,
  `remind_before_days` int DEFAULT '30',
  PRIMARY KEY (`ssl_id`),
  KEY `user_id` (`user_id`),
  CONSTRAINT `ssl_monitors_ibfk_1` FOREIGN KEY (`user_id`) REFERENCES `users` (`user_id`) ON DELETE CASCADE
) ENGINE=InnoDB AUTO_INCREMENT=21 DEFAULT CHARSET=utf8mb4 COLLATE=utf8mb4_0900_ai_ci;
/*!40101 SET character_set_client = @saved_cs_client */;

--
-- Dumping data for table `ssl_monitors`
--

LOCK TABLES `ssl_monitors` WRITE;
/*!40000 ALTER TABLE `ssl_monitors` DISABLE KEYS */;
INSERT INTO `ssl_monitors` VALUES (11,'kuntalsarkar.live','https','\"Cloudflare, Inc.\"',7,'ecdsa-with-SHA256','2021-09-13 18:30:00','2022-09-13 18:29:59',30),(13,'github.com','https','\"DigiCert, Inc.\"',7,'ecdsa-with-SHA256','2021-03-24 18:30:00','2022-03-30 18:29:59',30),(14,'www.google.com','https','Google Trust Services LLC',7,'sha256WithRSAEncryption','2021-10-31 21:49:36','2022-01-23 21:49:35',30),(16,'www.facebook.com','https','DigiCert Inc',7,'sha256WithRSAEncryption','2021-09-11 18:30:00','2021-12-11 18:29:59',30),(17,'testt.com','https','Sectigo Limited',7,'sha256WithRSAEncryption','2021-10-12 18:30:00','2022-01-11 18:29:59',30),(18,'regexr.com','https','Let\'s Encrypt',7,'sha256WithRSAEncryption','2021-09-25 15:43:43','2021-12-24 15:43:42',30),(19,'sobarbazarmalda.com','https',NULL,7,NULL,NULL,NULL,30),(20,'godaddy.com','https',NULL,7,NULL,NULL,NULL,40);
/*!40000 ALTER TABLE `ssl_monitors` ENABLE KEYS */;
UNLOCK TABLES;

--
-- Table structure for table `users`
--

DROP TABLE IF EXISTS `users`;
/*!40101 SET @saved_cs_client     = @@character_set_client */;
/*!50503 SET character_set_client = utf8mb4 */;
CREATE TABLE `users` (
  `user_id` int NOT NULL AUTO_INCREMENT,
  `name` varchar(150) NOT NULL,
  `email` varchar(255) NOT NULL,
  `password` varchar(255) NOT NULL,
  `hash` varchar(100) DEFAULT NULL,
  `hash_created_at` timestamp NULL DEFAULT NULL,
  `created_at` timestamp NULL DEFAULT CURRENT_TIMESTAMP,
  PRIMARY KEY (`user_id`),
  UNIQUE KEY `email` (`email`)
) ENGINE=InnoDB AUTO_INCREMENT=15 DEFAULT CHARSET=utf8mb4 COLLATE=utf8mb4_0900_ai_ci;
/*!40101 SET character_set_client = @saved_cs_client */;

--
-- Dumping data for table `users`
--

LOCK TABLES `users` WRITE;
/*!40000 ALTER TABLE `users` DISABLE KEYS */;
INSERT INTO `users` VALUES (1,'kuntal','test@test.com','$2y$10$0Uc1vHmwtXT7JyDmj9Umxu.QXewVkClYn65P/evvGQIAvU76XUZI2',NULL,NULL,'2021-11-16 15:39:31'),(4,'kuntal','kuntal@test.com','$2y$10$dIDUsFxwU8qgs1huvNDYzek2E4Utr79yfaAlVcqhYjGi.fa6Jb1Iq',NULL,NULL,'2021-11-17 03:45:43'),(5,'test','kuntal1@test.com','$2y$10$LMqBPVGuOMZMz0HGSh4hV.O7lhK1ijm6E0EbAFIBlT9B.QfwU8WK6',NULL,NULL,'2021-11-17 04:02:36'),(6,'kuntal','kuntal@kk.com','$2y$10$4UPDZt0lrarBzVIY5l9hbODPy6556RjBcqFhhKruB.LJBfZOpiiuS',NULL,NULL,'2021-11-22 16:06:55'),(7,'kuntal sarkar','kuntalsarkar00@gmail.com','$2y$10$Jnvn6P04zjvnHaCMxfELwewNg5sOy5FP10YjkT822I3xaE7BH1jgC',NULL,NULL,'2021-11-25 07:04:23'),(8,'fghgfhg gg','ghgh@df.fdgf','$2y$10$bDaSUX1ceURuRLMdIMGWbumQsa37uLQmYZw/C/weRY4IBosP.693G',NULL,NULL,'2021-11-25 07:09:19'),(9,'hfdg ghg','ghgf@gg.gfg','$2y$10$JCOJtYC4GgOWTjygHkotpOD5IwBZF38f5jtfiNQ4/qgyfq1bt1ttG',NULL,NULL,'2021-11-25 07:12:31'),(10,'ewe rgre','rrre@f.fgf','$2y$10$o/j6IlsB/Jo/3pt73GqBvuAwJ6dX6EQ2mzEu/Re9aKHlX7xXeIaim',NULL,NULL,'2021-11-25 07:21:47'),(11,'fdf ffg','dfggd@frd.gdg','$2y$10$zTC1dU4CMJgQalfp2fedGeA7QF0FnajgB4HayeJ6cpwI8R4MCMpQK',NULL,NULL,'2021-11-25 07:22:16'),(12,'atif ansari','atifa7747@gmail.com','$2y$10$qCp6P2s9T0ur/bLFm9f0PutZauJlhEsN3xFB1GIxTfW6zorbr35Ai',NULL,NULL,'2021-11-25 14:26:11'),(13,'test user','user1@test.com','$2y$10$M2Bbv1NPoBqcCq4YcsYD8.TZ/Jh6.206tDZAG6vFkBdUqCG1OWuKW',NULL,NULL,'2021-11-29 13:17:14'),(14,'jon doe','jon@gmail.com','$2y$10$f9N2Vs5Q4k.gD..Krb3SPuHneeiYFfk86W.YfG8XEy6CFM69QtuqS',NULL,NULL,'2021-12-03 07:48:52');
/*!40000 ALTER TABLE `users` ENABLE KEYS */;
UNLOCK TABLES;
/*!40103 SET TIME_ZONE=@OLD_TIME_ZONE */;

/*!40101 SET SQL_MODE=@OLD_SQL_MODE */;
/*!40014 SET FOREIGN_KEY_CHECKS=@OLD_FOREIGN_KEY_CHECKS */;
/*!40014 SET UNIQUE_CHECKS=@OLD_UNIQUE_CHECKS */;
/*!40101 SET CHARACTER_SET_CLIENT=@OLD_CHARACTER_SET_CLIENT */;
/*!40101 SET CHARACTER_SET_RESULTS=@OLD_CHARACTER_SET_RESULTS */;
/*!40101 SET COLLATION_CONNECTION=@OLD_COLLATION_CONNECTION */;
/*!40111 SET SQL_NOTES=@OLD_SQL_NOTES */;

-- Dump completed on 2021-12-06 12:36:29
